일자,현재지수,대비,등락률(%),배당수익률(%),주가이익비율,주가자산비율,시가지수,고가지수,저가지수,거래량(천주),거래대금(백만원),상장시가총액(백만원)
2021/09/27,"3,133.64",8.40,0.27,1.75,15.03,1.24,"3,121.70","3,146.35","3,119.26","883,229","12,266,967","2,279,894,818"
2021/09/28,"3,097.92",-35.72,-1.14,1.77,14.86,1.22,"3,133.40","3,134.46","3,095.72","894,913","14,658,731","2,254,315,886"
2021/09/29,"3,060.27",-37.65,-1.22,1.80,14.68,1.21,"3,055.50","3,069.04","3,030.60","821,558","15,137,008","2,226,722,697"
2021/09/30,"3,068.82",8.55,0.28,1.79,14.72,1.21,"3,054.87","3,079.43","3,046.43","885,819","14,942,854","2,231,957,338"
2021/10/01,"3,019.18",-49.64,-1.62,1.82,14.48,1.19,"3,056.21","3,062.60","3,015.01","855,482","12,944,006","2,195,489,102"
2021/10/05,"2,962.17",-57.01,-1.89,1.86,14.21,1.17,"2,998.17","2,998.17","2,940.59","840,557","15,315,537","2,153,672,546"
2021/10/06,"2,908.31",-53.86,-1.82,1.89,13.95,1.15,"2,986.06","2,993.47","2,908.30","901,722","15,668,592","2,114,932,681"
2021/10/07,"2,959.46",51.15,1.76,1.86,14.20,1.17,"2,936.87","2,961.53","2,927.60","595,382","11,906,737","2,151,410,767"
2021/10/08,"2,956.30",-3.16,-0.11,1.86,14.18,1.17,"2,977.82","2,978.08","2,949.01","668,947","12,634,091","2,150,115,811"
2021/10/12,"2,916.38",-39.92,-1.35,1.88,13.99,1.15,"2,950.22","2,950.94","2,901.51","660,181","12,767,650","2,120,560,982"
2021/10/13,"2,944.41",28.03,0.96,1.87,14.12,1.16,"2,913.34","2,953.33","2,909.47","752,132","12,294,514","2,141,374,217"
2021/10/14,"2,988.64",44.23,1.50,1.84,14.34,1.18,"2,968.87","2,988.97","2,962.33","617,170","12,064,564","2,172,764,571"
2021/10/15,"3,015.06",26.42,0.88,1.82,14.47,1.19,"3,012.62","3,021.90","2,999.33","857,798","12,540,973","2,192,125,725"
2021/10/18,"3,006.68",-8.38,-0.28,1.83,14.43,1.19,"3,017.48","3,021.17","2,990.44","926,369","10,649,949","2,186,010,002"
2021/10/19,"3,029.04",22.36,0.74,1.81,14.54,1.20,"3,022.23","3,034.53","3,014.19","845,704","10,112,026","2,202,301,797"
2021/10/20,"3,013.13",-15.91,-0.53,1.82,14.46,1.19,"3,043.13","3,047.24","3,012.97","680,327","11,178,213","2,191,094,043"
2021/10/21,"3,007.33",-5.80,-0.19,1.83,14.43,1.19,"3,012.28","3,025.88","3,002.74","887,370","10,572,398","2,185,679,891"
2021/10/22,"3,006.16",-1.17,-0.04,1.83,14.43,1.19,"3,005.36","3,018.70","2,996.26","695,273","9,047,263","2,184,542,201"
2021/10/25,"3,020.54",14.38,0.48,1.82,14.50,1.19,"3,001.10","3,025.27","2,983.29","791,796","10,489,294","2,194,484,567"
2021/10/26,"3,049.08",28.54,0.94,1.80,14.63,1.20,"3,039.82","3,051.65","3,030.53","564,560","9,512,682","2,215,757,780"
2021/10/27,"3,025.49",-23.59,-0.77,1.82,14.52,1.19,"3,045.83","3,049.02","3,019.00","607,875","10,220,673","2,198,753,266"
2021/10/28,"3,009.55",-15.94,-0.53,1.83,14.44,1.19,"3,023.17","3,034.42","3,009.55","617,257","12,367,618","2,188,063,339"
2021/10/29,"2,970.68",-38.87,-1.29,1.85,14.25,1.17,"3,025.67","3,030.17","2,965.40","545,834","11,035,682","2,159,375,927"
2021/11/01,"2,978.94",8.26,0.28,1.84,14.30,1.18,"2,984.18","2,991.81","2,976.87","475,382","9,410,799","2,166,070,210"
2021/11/02,"3,013.49",34.55,1.16,1.82,14.46,1.19,"2,995.58","3,034.30","2,995.58","525,853","9,662,968","2,191,376,531"
2021/11/03,"2,975.71",-37.78,-1.25,1.85,14.29,1.17,"3,020.36","3,020.87","2,969.01","658,648","12,438,268","2,189,540,503"
2021/11/04,"2,983.22",7.51,0.25,1.82,14.50,1.19,"3,000.92","3,011.56","2,978.07","772,024","14,658,520","2,195,428,830"
2021/11/05,"2,969.27",-13.95,-0.47,1.83,14.43,1.19,"3,003.53","3,003.53","2,953.96","688,028","12,669,723","2,185,189,386"
2021/11/08,"2,960.20",-9.07,-0.31,1.83,14.39,1.18,"2,965.36","2,968.18","2,930.90","560,205","10,388,089","2,178,020,380"
2021/11/09,"2,962.46",2.26,0.08,1.83,14.40,1.18,"2,958.15","2,987.28","2,949.17","708,773","9,684,977","2,180,787,959"
2021/11/10,"2,930.17",-32.29,-1.09,1.85,14.24,1.17,"2,947.46","2,958.61","2,924.36","570,932","9,663,221","2,157,022,730"
2021/11/11,"2,924.92",-5.25,-0.18,1.85,14.21,1.17,"2,911.41","2,925.19","2,903.72","572,859","13,468,396","2,153,082,343"
2021/11/12,"2,968.80",43.88,1.50,1.83,14.43,1.19,"2,945.95","2,973.84","2,938.27","665,733","12,472,956","2,185,439,468"
2021/11/15,"2,999.52",30.72,1.03,1.81,14.58,1.20,"2,989.68","3,003.71","2,979.96","639,396","11,402,053","2,207,950,545"
2021/11/16,"2,997.21",-2.31,-0.08,1.81,14.59,1.20,"2,995.68","3,011.88","2,985.34","579,646","11,101,213","2,208,638,226"
2021/11/17,"2,962.42",-34.79,-1.16,1.83,14.42,1.19,"3,004.02","3,004.67","2,957.70","541,490","10,661,680","2,183,852,304"
2021/11/18,"2,947.38",-15.04,-0.51,1.84,14.34,1.18,"2,959.26","2,964.48","2,937.53","541,653","10,119,317","2,173,103,105"
2021/11/19,"2,971.02",23.64,0.80,1.82,14.46,1.19,"2,951.06","2,974.64","2,948.07","657,094","11,002,169","2,192,237,375"
2021/11/22,"3,013.25",42.23,1.42,1.80,14.67,1.21,"2,983.38","3,018.01","2,980.73","530,959","12,945,533","2,225,325,425"
2021/11/23,"2,997.33",-15.92,-0.53,1.81,14.59,1.20,"3,013.16","3,016.36","2,992.14","524,233","10,830,504","2,213,806,548"
2021/11/24,"2,994.29",-3.04,-0.10,1.81,14.57,1.20,"3,006.34","3,017.90","2,981.02","556,640","10,963,459","2,210,804,289"
2021/11/25,"2,980.27",-14.02,-0.47,1.82,14.51,1.19,"2,996.74","2,996.74","2,973.24","595,970","9,401,091","2,199,950,623"
2021/11/26,"2,936.44",-43.83,-1.47,1.84,14.29,1.17,"2,973.04","2,985.77","2,930.31","595,598","11,901,298","2,167,444,597"
2021/11/29,"2,909.32",-27.12,-0.92,1.86,14.17,1.16,"2,906.15","2,930.22","2,890.78","844,400","13,092,783","2,148,359,053"
2021/11/30,"2,839.01",-70.31,-2.42,1.92,13.77,1.13,"2,932.71","2,942.93","2,822.73","983,556","19,852,271","2,095,821,072"
2021/12/01,"2,899.72",60.71,2.14,1.87,14.07,1.16,"2,860.12","2,905.74","2,837.03","563,927","12,534,485","2,143,338,152"
2021/12/02,"2,945.27",45.55,1.57,1.85,14.29,1.17,"2,874.64","2,945.27","2,874.64","534,462","11,918,441","2,176,914,270"
2021/12/03,"2,968.33",23.06,0.78,1.83,14.40,1.18,"2,935.93","2,975.44","2,927.55","486,749","10,344,373","2,192,835,466"
2021/12/06,"2,973.25",4.92,0.17,1.83,14.43,1.19,"2,954.82","2,983.50","2,932.49","479,908","9,657,402","2,197,379,064"
2021/12/07,"2,991.72",18.47,0.62,1.82,14.52,1.19,"2,973.84","2,992.31","2,960.90","541,370","10,215,647","2,211,216,991"
2021/12/08,"3,001.80",10.08,0.34,1.81,14.57,1.20,"3,017.93","3,036.13","2,995.34","488,246","11,115,221","2,218,153,437"
2021/12/09,"3,029.57",27.77,0.93,1.79,14.71,1.21,"3,007.00","3,029.57","3,001.55","513,446","12,614,031","2,238,777,012"
2021/12/10,"3,010.23",-19.34,-0.64,1.80,14.62,1.20,"3,008.70","3,017.64","2,998.29","451,599","8,434,891","2,225,643,250"
2021/12/13,"3,001.66",-8.57,-0.28,1.81,12.82,1.15,"3,019.67","3,043.83","3,000.51","375,828","8,629,449","2,219,441,357"
2021/12/14,"2,987.95",-13.71,-0.46,1.82,12.76,1.15,"2,983.95","3,001.70","2,976.16","581,570","9,856,790","2,209,778,034"
2021/12/15,"2,989.39",1.44,0.05,1.82,12.77,1.15,"2,979.83","2,992.30","2,973.00","432,874","8,253,059","2,210,896,375"
2021/12/16,"3,006.41",17.02,0.57,1.81,12.84,1.15,"3,013.26","3,018.20","2,989.63","402,825","8,524,314","2,223,256,396"
2021/12/17,"3,017.73",11.32,0.38,1.80,12.89,1.16,"2,985.20","3,017.73","2,984.19","451,824","11,650,003","2,231,055,479"
2021/12/20,"2,963.00",-54.73,-1.81,1.83,12.65,1.14,"3,001.33","3,001.33","2,962.07","377,585","8,621,306","2,191,456,184"
2021/12/21,"2,975.03",12.03,0.41,1.82,12.70,1.14,"2,981.67","2,984.56","2,955.90","410,980","9,108,501","2,200,896,110"
2021/12/22,"2,984.48",9.45,0.32,1.82,12.74,1.14,"2,993.50","3,000.79","2,976.65","461,755","8,835,650","2,208,300,471"
2021/12/23,"2,998.17",13.69,0.46,1.81,12.80,1.15,"2,998.02","3,000.70","2,980.91","483,839","9,319,627","2,218,653,457"
2021/12/24,"3,012.43",14.26,0.48,1.80,12.86,1.15,"3,009.48","3,025.77","3,009.48","537,548","8,583,473","2,230,019,406"
2021/12/27,"2,999.55",-12.88,-0.43,1.81,12.80,1.15,"3,013.94","3,017.31","2,999.30","475,363","8,280,395","2,221,527,069"
2021/12/28,"3,020.24",20.69,0.69,1.80,12.89,1.16,"3,006.77","3,020.29","2,991.55","607,046","12,096,894","2,237,623,537"
2021/12/29,"2,993.29",-26.95,-0.89,1.81,12.78,1.15,"3,002.90","3,007.72","2,988.67","545,832","10,908,667","2,215,462,632"
2021/12/30,"2,977.65",-15.64,-0.52,1.82,12.72,1.14,"2,999.75","3,005.36","2,975.74","461,038","8,727,458","2,203,366,546"
2022/01/03,"2,988.77",11.12,0.37,1.82,12.76,1.15,"2,998.32","3,010.77","2,979.42","435,826","8,193,887","2,211,373,367"
2022/01/04,"2,989.24",0.47,0.02,1.82,12.76,1.15,"2,991.97","2,995.25","2,973.08","621,549","9,991,474","2,212,087,920"
2022/01/05,"2,953.97",-35.27,-1.18,1.84,12.61,1.13,"2,984.05","2,986.20","2,936.73","787,346","15,428,423","2,186,715,367"
2022/01/06,"2,920.53",-33.44,-1.13,1.86,12.47,1.12,"2,925.40","2,952.54","2,915.38","786,045","13,297,135","2,162,437,324"
2022/01/07,"2,954.89",34.36,1.18,1.84,12.62,1.13,"2,933.78","2,959.03","2,933.10","546,172","10,582,421","2,187,560,534"
2022/01/10,"2,926.72",-28.17,-0.95,1.85,12.51,1.12,"2,947.37","2,951.12","2,910.90","477,400","10,397,828","2,166,763,875"
2022/01/11,"2,927.38",0.66,0.02,1.85,12.51,1.12,"2,930.93","2,943.57","2,909.82","566,172","10,646,542","2,168,032,047"
2022/01/12,"2,972.48",45.10,1.54,1.83,12.70,1.14,"2,950.78","2,972.58","2,950.31","519,501","10,895,354","2,200,967,250"
2022/01/13,"2,962.09",-10.39,-0.35,1.83,12.66,1.14,"2,979.91","2,982.14","2,958.39","604,871","11,458,979","2,193,799,600"
2022/01/14,"2,921.92",-40.17,-1.36,1.86,12.48,1.12,"2,937.61","2,944.97","2,914.73","532,668","10,799,738","2,164,996,763"
2022/01/17,"2,890.10",-31.82,-1.09,1.88,12.35,1.11,"2,918.55","2,919.67","2,875.98","593,261","10,396,513","2,141,590,251"
2022/01/18,"2,864.24",-25.86,-0.89,1.90,12.23,1.10,"2,898.98","2,902.79","2,857.26","554,041","10,040,965","2,121,897,006"
2022/01/19,"2,842.28",-21.96,-0.77,1.91,12.14,1.09,"2,840.34","2,871.79","2,832.18","463,829","9,649,067","2,105,223,650"
2022/01/20,"2,862.68",20.40,0.72,1.90,12.23,1.10,"2,842.28","2,862.70","2,830.97","395,669","8,872,018","2,119,405,878"
2022/01/21,"2,834.29",-28.39,-0.99,1.92,12.11,1.09,"2,837.49","2,847.95","2,817.11","532,753","10,718,108","2,098,926,813"
2022/01/24,"2,792.00",-42.29,-1.49,1.94,11.93,1.07,"2,823.76","2,828.11","2,780.68","473,993","9,304,491","2,068,283,398"
2022/01/25,"2,720.39",-71.61,-2.56,2.00,11.62,1.04,"2,786.41","2,789.62","2,703.99","639,959","11,700,945","2,016,270,364"
2022/01/26,"2,709.24",-11.15,-0.41,2.00,11.57,1.04,"2,729.75","2,744.14","2,708.10","472,651","8,978,727","2,007,683,222"
2022/01/27,"2,614.49",-94.75,-3.50,2.08,11.16,1.00,"2,709.24","2,722.86","2,614.49","487,727","20,548,835","2,056,788,549"
2022/01/28,"2,663.34",48.85,1.87,1.92,12.14,1.08,"2,617.87","2,668.59","2,591.53","434,187","13,753,057","2,094,859,102"
2022/02/03,"2,707.82",44.48,1.67,1.88,12.34,1.10,"2,706.34","2,735.34","2,702.78","435,710","12,472,536","2,129,673,299"
2022/02/04,"2,750.26",42.44,1.57,1.86,12.53,1.12,"2,714.83","2,751.80","2,712.87","536,149","11,393,256","2,162,189,762"
2022/02/07,"2,745.06",-5.20,-0.19,1.86,12.51,1.12,"2,750.70","2,750.70","2,718.94","417,838","11,291,948","2,157,575,112"
2022/02/08,"2,746.47",1.41,0.05,1.86,12.52,1.12,"2,767.76","2,779.85","2,726.72","560,534","11,785,877","2,158,494,534"
2022/02/09,"2,768.85",22.38,0.81,1.84,12.62,1.13,"2,772.63","2,773.38","2,753.51","539,124","10,337,571","2,176,095,838"
2022/02/10,"2,771.93",3.08,0.11,1.84,12.64,1.13,"2,787.44","2,788.27","2,761.76","509,611","12,776,154","2,179,937,247"
2022/02/11,"2,747.71",-24.22,-0.87,1.86,12.53,1.12,"2,739.14","2,766.70","2,735.08","480,520","10,992,603","2,161,381,267"
2022/02/14,"2,704.48",-43.23,-1.57,1.89,12.33,1.10,"2,715.10","2,724.72","2,688.24","616,343","11,579,387","2,126,853,150"
2022/02/15,"2,676.54",-27.94,-1.03,1.91,12.20,1.09,"2,712.45","2,716.45","2,665.47","589,039","9,435,834","2,104,887,624"
2022/02/16,"2,729.68",53.14,1.99,1.87,12.44,1.11,"2,719.61","2,730.43","2,711.34","422,366","8,389,883","2,146,197,286"
2022/02/17,"2,744.09",14.41,0.53,1.86,12.51,1.12,"2,735.11","2,770.66","2,711.99","611,422","11,812,905","2,157,575,548"
2022/02/18,"2,744.52",0.43,0.02,1.86,12.51,1.12,"2,714.52","2,747.08","2,711.88","513,521","8,508,342","2,157,425,759"
2022/02/21,"2,743.80",-0.72,-0.03,1.86,12.51,1.12,"2,706.65","2,746.62","2,694.90","495,301","7,896,734","2,156,626,849"
2022/02/22,"2,706.79",-37.01,-1.35,1.88,12.34,1.10,"2,705.08","2,721.84","2,690.09","648,401","10,590,490","2,127,945,076"
2022/02/23,"2,719.53",12.74,0.47,1.88,12.39,1.11,"2,727.43","2,729.56","2,705.31","537,841","9,138,534","2,137,367,310"
2022/02/24,"2,648.80",-70.73,-2.60,1.93,12.07,1.08,"2,689.28","2,694.55","2,642.63","926,400","13,586,138","2,082,126,695"
2022/02/25,"2,676.76",27.96,1.06,1.91,12.20,1.09,"2,678.47","2,694.81","2,665.96","664,347","12,221,012","2,103,963,329"
2022/02/28,"2,699.18",22.42,0.84,1.89,12.32,1.10,"2,663.00","2,699.18","2,658.25","613,470","12,894,248","2,120,187,754"
2022/03/02,"2,703.52",4.34,0.16,1.88,12.34,1.10,"2,698.31","2,716.46","2,692.24","527,950","10,996,673","2,123,032,520"
2022/03/03,"2,747.08",43.56,1.61,1.85,12.54,1.12,"2,729.86","2,748.21","2,726.35","614,515","10,592,862","2,156,827,002"
2022/03/04,"2,713.43",-33.65,-1.22,1.88,12.39,1.11,"2,736.58","2,736.58","2,702.34","765,676","12,427,424","2,132,467,179"
2022/03/07,"2,651.31",-62.12,-2.29,1.92,12.10,1.08,"2,680.17","2,680.17","2,644.10","571,562","12,089,300","2,083,197,353"
2022/03/08,"2,622.40",-28.91,-1.09,1.94,11.97,1.07,"2,617.33","2,647.18","2,605.81","540,370","11,679,452","2,060,695,940"
2022/03/10,"2,680.32",57.92,2.21,1.90,12.23,1.09,"2,660.86","2,682.79","2,660.86","613,810","13,694,703","2,105,097,714"
2022/03/11,"2,661.28",-19.04,-0.71,1.91,12.15,1.08,"2,665.95","2,672.62","2,647.28","797,034","12,363,206","2,090,547,969"
2022/03/14,"2,645.65",-15.63,-0.59,1.93,12.07,1.08,"2,654.93","2,661.76","2,633.31","636,324","12,037,827","2,078,071,441"
2022/03/15,"2,621.53",-24.12,-0.91,1.94,11.97,1.07,"2,630.31","2,641.97","2,615.08","604,182","9,583,002","2,059,389,990"
2022/03/16,"2,659.23",37.70,1.44,1.92,12.14,1.08,"2,649.85","2,659.90","2,630.03","736,354","9,310,851","2,088,519,368"
2022/03/17,"2,694.51",35.28,1.33,1.89,12.30,1.10,"2,703.27","2,714.00","2,694.51","546,079","11,900,905","2,116,541,927"
2022/03/18,"2,707.02",12.51,0.46,1.88,12.36,1.10,"2,695.64","2,708.16","2,688.71","644,017","11,442,604","2,125,657,537"
2022/03/21,"2,686.05",-20.97,-0.77,1.90,12.26,1.09,"2,717.81","2,717.81","2,683.69","502,402","8,693,850","2,109,394,247"
2022/03/22,"2,710.00",23.95,0.89,1.88,12.37,1.10,"2,686.68","2,712.14","2,686.58","489,442","9,367,506","2,127,002,890"
2022/03/23,"2,735.05",25.05,0.92,1.86,12.48,1.11,"2,727.12","2,742.27","2,720.83","883,376","11,838,672","2,146,408,436"
2022/03/24,"2,729.66",-5.39,-0.20,1.87,12.45,1.11,"2,716.25","2,729.66","2,705.14","960,898","13,177,859","2,142,618,011"
2022/03/25,"2,729.98",0.32,0.01,1.87,12.46,1.11,"2,740.83","2,740.95","2,722.36","602,771","10,824,995","2,143,377,809"
2022/03/28,"2,729.56",-0.42,-0.02,1.87,12.46,1.11,"2,721.22","2,737.46","2,707.74","768,043","9,801,744","2,143,333,164"
2022/03/29,"2,741.07",11.51,0.42,1.86,12.51,1.12,"2,745.62","2,754.18","2,733.22","732,159","10,020,300","2,152,615,774"
2022/03/30,"2,746.74",5.67,0.21,1.85,12.54,1.12,"2,758.31","2,760.60","2,740.02","840,134","11,099,514","2,156,901,356"
2022/03/31,"2,757.65",10.91,0.40,1.85,12.58,1.12,"2,743.24","2,765.20","2,743.20","1,030,289","9,729,367","2,164,962,824"
2022/04/01,"2,739.85",-17.80,-0.65,1.86,12.50,1.12,"2,745.85","2,745.85","2,729.68","1,305,564","10,689,584","2,151,279,538"
2022/04/04,"2,757.90",18.05,0.66,1.85,12.59,1.12,"2,729.86","2,758.38","2,722.45","1,022,971","9,744,918","2,164,964,282"
2022/04/05,"2,759.20",1.30,0.05,1.85,12.59,1.12,"2,765.50","2,769.18","2,750.50","1,605,994","9,933,181","2,165,864,596"
2022/04/06,"2,735.03",-24.17,-0.88,1.86,12.48,1.11,"2,739.07","2,747.85","2,730.66","1,321,645","11,014,545","2,147,029,119"
2022/04/07,"2,695.86",-39.17,-1.43,1.89,12.30,1.10,"2,714.70","2,718.50","2,693.36","999,276","12,291,043","2,116,922,779"
2022/04/08,"2,700.39",4.53,0.17,1.89,12.32,1.10,"2,706.64","2,712.00","2,685.52","948,355","10,296,234","2,119,201,356"
2022/04/11,"2,693.10",-7.29,-0.27,1.89,12.29,1.10,"2,687.54","2,711.02","2,683.96","742,602","8,831,630","2,113,756,558"
2022/04/12,"2,666.76",-26.34,-0.98,1.91,12.17,1.09,"2,674.17","2,685.08","2,658.40","870,970","9,853,720","2,092,582,277"
2022/04/13,"2,716.49",49.73,1.86,1.88,12.40,1.11,"2,677.53","2,717.63","2,672.60","733,241","9,645,446","2,131,314,721"
2022/04/14,"2,716.71",0.22,0.01,1.88,12.40,1.11,"2,719.34","2,720.30","2,702.61","665,351","11,419,812","2,130,735,885"
2022/04/15,"2,696.06",-20.65,-0.76,1.89,12.30,1.10,"2,695.52","2,705.41","2,685.01","693,718","9,570,268","2,114,429,291"
2022/04/18,"2,693.21",-2.85,-0.11,1.89,12.29,1.10,"2,685.04","2,701.11","2,681.37","1,024,915","9,050,332","2,112,795,552"
2022/04/19,"2,718.89",25.68,0.95,1.87,12.41,1.11,"2,707.76","2,723.98","2,705.32","1,257,385","9,779,975","2,133,070,296"
2022/04/20,"2,718.69",-0.20,-0.01,1.87,12.41,1.11,"2,718.49","2,724.46","2,702.84","1,736,283","12,283,913","2,132,905,875"
2022/04/21,"2,728.21",9.52,0.35,1.87,12.45,1.11,"2,725.71","2,737.54","2,725.04","1,002,973","11,482,591","2,140,416,801"
2022/04/22,"2,704.71",-23.50,-0.86,1.88,12.34,1.10,"2,704.72","2,708.58","2,690.48","1,239,910","12,120,588","2,122,781,766"
2022/04/25,"2,657.13",-47.58,-1.76,1.92,12.12,1.08,"2,676.67","2,680.35","2,657.04","1,018,005","11,698,116","2,085,607,419"
2022/04/26,"2,668.31",11.18,0.42,1.91,12.18,1.09,"2,674.00","2,678.05","2,663.83","889,942","10,807,853","2,093,885,341"
2022/04/27,"2,639.06",-29.25,-1.10,1.93,12.04,1.07,"2,630.58","2,641.82","2,615.50","1,072,367","12,558,711","2,070,445,708"
2022/04/28,"2,667.49",28.43,1.08,1.91,12.17,1.09,"2,656.54","2,667.49","2,638.37","899,169","12,463,396","2,097,782,080"
2022/04/29,"2,695.05",27.56,1.03,1.89,12.30,1.10,"2,669.18","2,696.10","2,664.06","975,253","12,664,752","2,119,864,985"
2022/05/02,"2,687.45",-7.60,-0.28,1.85,11.13,1.08,"2,669.21","2,689.91","2,667.85","873,723","9,075,649","2,114,441,740"
2022/05/03,"2,680.46",-6.99,-0.26,1.85,11.10,1.07,"2,690.16","2,702.10","2,680.46","883,403","9,199,338","2,109,346,131"
2022/05/04,"2,677.57",-2.89,-0.11,1.85,11.09,1.07,"2,690.45","2,696.03","2,667.23","1,181,020","9,903,934","2,107,550,083"
2022/05/06,"2,644.51",-33.06,-1.23,1.88,10.95,1.06,"2,650.89","2,652.51","2,635.97","1,333,936","10,595,418","2,081,320,428"
2022/05/09,"2,610.81",-33.70,-1.27,1.90,10.81,1.05,"2,634.32","2,642.75","2,606.08","892,653","9,289,661","2,055,162,929"
2022/05/10,"2,596.56",-14.25,-0.55,1.91,10.75,1.04,"2,590.13","2,602.75","2,553.01","841,463","10,842,463","2,043,673,173"
2022/05/11,"2,592.27",-4.29,-0.17,1.92,10.74,1.04,"2,586.52","2,599.11","2,579.09","679,510","8,608,259","2,040,258,394"
2022/05/12,"2,550.08",-42.19,-1.63,1.95,10.56,1.02,"2,569.50","2,591.57","2,546.80","900,331","12,167,915","2,007,195,727"
2022/05/13,"2,604.24",54.16,2.12,1.91,10.79,1.04,"2,570.01","2,605.84","2,565.96","788,539","10,342,061","2,049,292,684"
2022/05/16,"2,596.58",-7.66,-0.29,1.91,10.75,1.04,"2,624.69","2,629.20","2,593.61","780,199","8,528,537","2,043,528,753"
2022/05/17,"2,620.44",23.86,0.92,1.90,10.85,1.05,"2,603.58","2,621.84","2,603.58","873,519","9,658,877","2,062,679,874"
2022/05/18,"2,625.98",5.54,0.21,1.89,10.87,1.05,"2,634.75","2,644.13","2,618.00","870,268","10,047,168","2,067,575,122"
2022/05/19,"2,592.34",-33.64,-1.28,1.92,10.73,1.04,"2,576.24","2,597.79","2,568.54","677,595","9,883,990","2,041,376,481"
2022/05/20,"2,639.29",46.95,1.81,1.88,10.93,1.06,"2,605.78","2,641.68","2,605.38","755,653","9,634,339","2,077,558,136"
2022/05/23,"2,647.38",8.09,0.31,1.88,10.96,1.06,"2,651.63","2,653.87","2,634.29","644,205","7,815,204","2,083,210,177"
2022/05/24,"2,605.87",-41.51,-1.57,1.91,10.79,1.04,"2,638.94","2,646.99","2,605.87","851,236","8,703,526","2,050,778,685"
2022/05/25,"2,617.22",11.35,0.44,1.90,10.83,1.05,"2,621.75","2,630.17","2,602.94","712,611","8,353,419","2,059,889,816"
2022/05/26,"2,612.45",-4.77,-0.18,1.90,10.81,1.05,"2,616.99","2,641.91","2,602.01","595,849","8,613,524","2,056,303,508"
2022/05/27,"2,638.05",25.60,0.98,1.88,10.92,1.06,"2,640.75","2,644.71","2,631.49","590,814","8,028,159","2,076,115,881"
2022/05/30,"2,669.66",31.61,1.20,1.86,11.05,1.07,"2,662.31","2,672.74","2,654.18","469,798","7,473,952","2,101,290,667"
2022/05/31,"2,685.90",16.24,0.61,1.85,11.12,1.08,"2,666.88","2,685.90","2,654.32","671,679","13,970,896","2,113,784,329"
2022/06/02,"2,658.99",-26.91,-1.00,1.87,11.01,1.06,"2,670.74","2,674.00","2,653.59","525,259","7,860,485","2,092,789,271"
2022/06/03,"2,670.65",11.66,0.44,1.86,11.06,1.07,"2,679.57","2,681.51","2,663.00","562,470","7,566,758","2,101,703,362"
2022/06/07,"2,626.34",-44.31,-1.66,1.89,10.87,1.05,"2,659.27","2,662.04","2,622.78","524,710","8,948,924","2,067,165,431"
2022/06/08,"2,626.15",-0.19,-0.01,1.89,10.87,1.05,"2,633.53","2,639.52","2,621.96","576,390","7,964,335","2,066,742,737"
2022/06/09,"2,625.44",-0.71,-0.03,1.89,11.44,1.04,"2,618.92","2,627.88","2,606.61","814,883","10,857,975","2,066,451,297"
2022/06/10,"2,595.87",-29.57,-1.13,1.91,11.31,1.02,"2,596.37","2,602.80","2,583.74","724,090","8,285,964","2,043,213,222"
2022/06/13,"2,504.51",-91.36,-3.52,1.98,10.91,0.99,"2,550.21","2,550.32","2,504.51","660,309","10,335,874","1,972,203,678"
2022/06/14,"2,492.97",-11.54,-0.46,1.99,10.86,0.98,"2,472.96","2,503.17","2,457.39","671,757","9,992,820","1,962,993,357"
2022/06/15,"2,447.38",-45.59,-1.83,2.03,10.66,0.96,"2,490.01","2,495.54","2,436.04","714,143","9,936,928","1,926,857,817"
2022/06/16,"2,451.41",4.03,0.16,2.03,10.68,0.97,"2,481.66","2,500.36","2,447.33","584,041","9,588,187","1,931,070,978"
2022/06/17,"2,440.93",-10.48,-0.43,2.03,10.63,0.96,"2,409.72","2,441.34","2,396.47","634,897","11,201,572","1,921,148,560"
2022/06/20,"2,391.03",-49.90,-2.04,2.08,10.42,0.94,"2,449.89","2,449.89","2,372.35","592,702","9,092,289","1,881,482,848"
2022/06/21,"2,408.93",17.90,0.75,2.06,10.50,0.95,"2,402.99","2,423.48","2,385.60","479,678","7,440,755","1,894,965,517"
2022/06/22,"2,342.81",-66.12,-2.74,2.12,10.21,0.92,"2,417.11","2,418.05","2,342.81","532,139","8,690,134","1,843,888,862"
2022/06/23,"2,314.32",-28.49,-1.22,2.15,10.08,0.91,"2,347.84","2,361.23","2,306.48","749,661","10,212,366","1,821,183,820"
2022/06/24,"2,366.60",52.28,2.26,2.10,10.31,0.93,"2,327.11","2,373.48","2,319.99","654,446","8,469,156","1,862,320,800"
2022/06/27,"2,401.92",35.32,1.49,2.07,10.47,0.95,"2,383.20","2,418.94","2,365.86","510,587","7,656,358","1,890,525,945"
2022/06/28,"2,422.09",20.17,0.84,2.05,10.56,0.96,"2,405.20","2,422.10","2,393.96","564,986","7,193,434","1,906,214,561"
2022/06/29,"2,377.99",-44.10,-1.82,2.09,10.37,0.94,"2,387.10","2,393.25","2,375.45","422,127","7,965,810","1,871,275,786"
2022/06/30,"2,332.64",-45.35,-1.91,2.13,10.17,0.92,"2,368.57","2,368.57","2,332.59","515,396","8,923,481","1,835,493,487"
2022/07/01,"2,305.42",-27.22,-1.17,2.15,10.05,0.91,"2,342.92","2,354.97","2,291.49","530,346","8,687,669","1,814,290,028"
2022/07/04,"2,300.34",-5.08,-0.22,2.16,10.03,0.91,"2,310.73","2,318.31","2,276.63","467,960","7,339,365","1,810,669,975"
2022/07/05,"2,341.78",41.44,1.80,2.12,10.21,0.92,"2,322.11","2,344.08","2,309.62","323,905","6,890,579","1,842,519,185"
2022/07/06,"2,292.01",-49.77,-2.13,2.17,9.99,0.90,"2,330.11","2,332.14","2,290.33","410,732","8,919,472","1,804,225,454"
2022/07/07,"2,334.27",42.26,1.84,2.13,10.18,0.92,"2,308.97","2,344.14","2,307.90","340,173","7,652,636","1,837,885,178"
2022/07/08,"2,350.61",16.34,0.70,2.11,10.25,0.93,"2,352.49","2,367.84","2,348.74","411,425","7,008,118","1,850,893,574"
2022/07/11,"2,340.27",-10.34,-0.44,2.12,10.20,0.92,"2,357.43","2,363.26","2,337.82","377,108","6,301,234","1,843,259,953"
2022/07/12,"2,317.76",-22.51,-0.96,2.14,10.11,0.91,"2,330.88","2,333.02","2,303.74","379,308","6,369,258","1,824,994,120"
2022/07/13,"2,328.61",10.85,0.47,2.13,10.15,0.92,"2,324.45","2,341.19","2,312.49","308,806","5,998,501","1,832,979,142"
2022/07/14,"2,322.32",-6.29,-0.27,2.14,10.13,0.92,"2,316.41","2,338.29","2,307.69","349,138","6,539,857","1,829,593,432"
2022/07/15,"2,330.98",8.66,0.37,2.13,10.17,0.92,"2,335.12","2,337.30","2,293.45","319,675","7,383,211","1,837,255,296"
2022/07/18,"2,375.25",44.27,1.90,2.09,10.36,0.94,"2,350.48","2,376.50","2,344.12","324,357","7,104,661","1,873,107,660"
2022/07/19,"2,370.97",-4.28,-0.18,2.09,10.34,0.94,"2,367.52","2,372.74","2,359.59","339,378","6,556,191","1,869,397,060"
2022/07/20,"2,386.85",15.88,0.67,2.08,10.41,0.94,"2,406.29","2,410.06","2,382.65","333,329","7,434,804","1,881,643,043"
2022/07/21,"2,409.16",22.31,0.93,2.06,10.51,0.95,"2,387.91","2,411.96","2,387.91","295,624","6,309,071","1,899,062,118"
2022/07/22,"2,393.14",-16.02,-0.66,2.07,10.44,0.95,"2,405.37","2,417.91","2,391.48","381,597","6,973,851","1,886,496,918"
2022/07/25,"2,403.69",10.55,0.44,2.06,10.48,0.95,"2,385.65","2,412.47","2,385.65","323,091","5,959,859","1,894,263,511"
2022/07/26,"2,412.96",9.27,0.39,2.06,10.52,0.95,"2,397.27","2,415.39","2,395.17","415,671","6,240,741","1,901,214,430"
2022/07/27,"2,415.53",2.57,0.11,2.05,10.54,0.95,"2,412.52","2,415.53","2,396.19","333,588","7,049,803","1,903,522,364"
2022/07/28,"2,435.27",19.74,0.82,2.04,10.62,0.96,"2,437.57","2,443.43","2,429.07","491,073","9,196,435","1,919,419,877"
2022/07/29,"2,451.50",16.23,0.67,2.02,10.69,0.97,"2,453.53","2,463.05","2,442.01","499,369","10,256,338","1,931,903,737"
2022/08/01,"2,452.25",0.75,0.03,2.02,10.69,0.97,"2,444.05","2,461.40","2,437.13","487,160","7,509,598","1,932,452,046"
2022/08/02,"2,439.62",-12.63,-0.52,2.03,10.64,0.96,"2,451.00","2,451.07","2,428.76","549,924","7,266,264","1,922,819,214"
2022/08/03,"2,461.45",21.83,0.89,2.01,10.74,0.97,"2,438.56","2,461.45","2,433.12","475,302","6,751,539","1,939,571,960"
2022/08/04,"2,473.11",11.66,0.47,2.01,10.79,0.98,"2,478.44","2,478.95","2,465.32","399,965","7,506,315","1,948,549,233"
2022/08/05,"2,490.80",17.69,0.72,1.99,10.87,0.98,"2,481.43","2,497.58","2,480.05","409,776","7,561,092","1,962,992,758"
2022/08/08,"2,493.10",2.30,0.09,1.99,10.88,0.99,"2,481.17","2,494.00","2,477.76","418,234","7,613,758","1,964,010,918"
2022/08/09,"2,503.46",10.36,0.42,1.98,10.93,0.99,"2,493.57","2,506.49","2,481.36","454,364","8,940,803","1,971,839,855"
2022/08/10,"2,480.88",-22.58,-0.90,2.00,10.83,0.98,"2,493.70","2,494.15","2,478.21","479,467","9,029,482","1,953,610,456"
2022/08/11,"2,523.78",42.90,1.73,1.96,11.02,1.00,"2,507.74","2,523.78","2,506.41","505,246","9,710,840","1,986,815,489"
2022/08/12,"2,527.94",4.16,0.16,1.96,11.04,1.00,"2,519.66","2,533.20","2,514.31","445,547","8,028,577","1,990,518,588"
2022/08/16,"2,533.52",5.58,0.22,1.96,11.06,1.00,"2,543.05","2,546.35","2,532.20","398,335","8,064,107","1,995,548,135"
2022/08/17,"2,516.47",-17.05,-0.67,1.97,10.99,0.99,"2,536.57","2,543.15","2,512.01","418,053","7,153,680","1,982,238,266"
2022/08/18,"2,508.05",-8.42,-0.33,1.98,10.95,0.99,"2,499.30","2,515.37","2,488.09","381,628","7,105,985","1,976,095,948"
2022/08/19,"2,492.69",-15.36,-0.61,1.99,10.88,0.99,"2,510.72","2,510.72","2,492.69","459,835","7,138,648","1,963,842,895"
2022/08/22,"2,462.50",-30.19,-1.21,2.01,10.75,0.97,"2,467.38","2,475.77","2,457.08","422,552","6,108,019","1,940,547,399"
2022/08/23,"2,435.34",-27.16,-1.10,2.03,10.63,0.96,"2,449.31","2,454.55","2,431.83","471,166","7,560,708","1,919,622,194"
2022/08/24,"2,447.45",12.11,0.50,2.02,10.69,0.97,"2,446.18","2,454.01","2,430.69","423,502","8,119,784","1,928,432,688"
2022/08/25,"2,477.26",29.81,1.22,2.00,10.82,0.98,"2,459.79","2,477.26","2,455.32","426,230","7,286,329","1,951,737,898"
2022/08/26,"2,481.03",3.77,0.15,2.00,10.83,0.98,"2,489.14","2,497.76","2,476.75","520,091","8,628,665","1,955,296,364"
2022/08/29,"2,426.89",-54.14,-2.18,2.04,10.60,0.96,"2,432.06","2,432.89","2,417.01","448,746","7,891,467","1,913,225,190"
2022/08/30,"2,450.93",24.04,0.99,2.02,10.70,0.97,"2,441.21","2,453.91","2,433.48","336,555","6,826,615","1,932,045,596"
2022/08/31,"2,472.05",21.12,0.86,2.00,10.80,0.98,"2,433.47","2,473.75","2,426.14","436,247","9,562,592","1,948,130,001"
2022/09/01,"2,415.61",-56.44,-2.28,2.05,10.55,0.95,"2,443.00","2,443.61","2,415.61","580,021","8,452,318","1,904,334,718"
2022/09/02,"2,409.41",-6.20,-0.26,2.06,10.52,0.95,"2,427.70","2,432.37","2,402.67","391,599","7,214,620","1,899,054,383"
2022/09/05,"2,403.68",-5.73,-0.24,2.06,10.49,0.95,"2,410.07","2,424.77","2,392.63","354,738","6,277,834","1,893,408,648"
2022/09/06,"2,410.02",6.34,0.26,2.06,10.52,0.95,"2,409.72","2,422.53","2,399.26","294,224","5,476,236","1,898,174,386"
2022/09/07,"2,376.46",-33.56,-1.39,2.09,10.37,0.94,"2,395.66","2,398.40","2,365.35","378,200","7,530,890","1,872,365,971"
2022/09/08,"2,384.28",7.82,0.33,2.08,10.41,0.94,"2,393.27","2,394.06","2,379.06","423,621","9,208,735","1,879,133,852"
2022/09/13,"2,449.54",65.26,2.74,2.02,10.70,0.97,"2,418.59","2,453.95","2,418.59","367,103","9,165,153","1,930,515,175"
2022/09/14,"2,411.42",-38.12,-1.56,2.05,10.53,0.95,"2,390.47","2,418.42","2,381.50","461,508","7,625,505","1,900,212,543"
2022/09/15,"2,401.83",-9.59,-0.40,2.06,10.49,0.95,"2,416.01","2,421.63","2,401.83","424,111","7,432,764","1,892,386,625"
2022/09/16,"2,382.78",-19.05,-0.79,2.08,10.24,0.92,"2,387.56","2,395.10","2,371.11","440,799","8,690,464","1,877,514,132"
2022/09/19,"2,355.66",-27.12,-1.14,2.10,10.13,0.91,"2,388.73","2,389.85","2,352.76","403,937","6,885,919","1,856,704,766"
2022/09/20,"2,367.85",12.19,0.52,2.09,10.18,0.92,"2,373.64","2,382.52","2,359.84","419,340","7,013,236","1,865,526,657"
2022/09/21,"2,347.21",-20.64,-0.87,2.11,10.09,0.91,"2,351.54","2,360.27","2,341.79","378,165","6,269,073","1,849,097,413"
2022/09/22,"2,332.31",-14.90,-0.63,2.12,10.03,0.90,"2,319.70","2,335.11","2,309.10","446,820","7,413,267","1,837,164,890"
2022/09/23,"2,290.00",-42.31,-1.81,2.16,9.84,0.89,"2,331.33","2,334.06","2,285.71","446,461","7,416,796","1,804,499,960"
2022/09/26,"2,220.94",-69.06,-3.02,2.23,9.55,0.86,"2,260.80","2,260.80","2,215.36","621,995","9,461,818","1,750,077,524"
2022/09/27,"2,223.86",2.92,0.13,2.23,9.56,0.86,"2,224.39","2,227.35","2,197.90","487,940","8,005,557","1,752,262,101"
2022/09/28,"2,169.29",-54.57,-2.45,2.28,9.32,0.84,"2,206.15","2,223.56","2,151.60","596,136","9,208,350","1,709,335,980"
2022/09/29,"2,170.93",1.64,0.08,2.28,9.33,0.84,"2,197.75","2,210.61","2,170.14","508,501","7,240,707","1,710,780,971"
2022/09/30,"2,155.49",-15.44,-0.71,2.30,9.26,0.83,"2,161.11","2,177.20","2,134.77","950,270","7,923,751","1,698,450,563"